id;first_name;last_name;gender;email;phone;address_line_1;address_line_2;city;country
1;Maynard;Jacobson;OTHER;"5O{yR@,DMSE.w$";026.954.0023 x96261;Berkshire Designer;Credit Card Account;Lake Friedrichberg;Dominican Republic
2;Monroe;Schmitt;FEMALE;";s-s@Q08o.Jzrb";1-516-085-3620;Buckinghamshire Future-proofed deposit;Quality;West Joseph;United Arab Emirates
3;Rodolfo;Conn;OTHER;"2A'pz=@j#Te/.GQC1*";955-522-9098 x59861;even-keeled Saint Helena Pound;Internal AI optical;Rowenaton;United Arab Emirates
4;Carolyne;Schaden;OTHER;"FVHDP@'{1nM.TA&";1-546-469-2170;Bedfordshire;navigate;Nataliehaven;Puerto Rico
5;Madyson;Hackett;FEMALE;"K;0$}@Hp.(kON}8";348.964.7356 x56481;sensor;Alaska;Nolantown;China
6;Zane;Weimann;FEMALE;"*|1@2Eu;~.AD";959.980.2331 x823;Pants Maryland;calculating Intranet Ergonomic Concrete Soap;Yesseniaborough;Burundi
7;Deonte;Larson;OTHER;"`eub8*@F.O6#""";228.482.8690 x505;digital deposit;extend Unbranded Fresh Pants Tools;Aureliaview;Moldova
8;Margarete;Bashirian;FEMALE;"NV|C1@^P!?/.kWT";200-833-5135;compress lavender Investment Account;backing up;South Hankmouth;Peru
9;Lourdes;Conn;MALE;"`('0$#@.9`.]";1-020-190-8466 x4019;ROI;Benin;Christfurt;United Arab Emirates
10;Dusty;Nienow;OTHER;"\AbL)v@1p.$""W";710.310.0003;Developer Shoes Music;Buckinghamshire Hollow Shoes;New Granville;Aruba
